{"cameraMode":{"drawMode":0,"name":"Shaded","section":"Shading Mode"},"sceneLighting":false,"audioPlay":false,"sceneViewState":{"showFog":true,"showMaterialUpdate":false,"showSkybox":false,"showFlares":true,"showImageEffects":true,"showParticleSystems":true,"showVisualEffectGraphs":true,"m_FxEnabled":true},"in2DMode":false,"pivot":{"x":17.670883178710939,"y":2.0307226181030275,"z":4.664921283721924},"rotation":{"x":0.08754768967628479,"y":-0.5676105618476868,"z":0.060843825340270999,"w":0.8164553642272949},"size":0.15316227078437806,"orthographic":false}