{"cameraMode":{"drawMode":0,"name":"Shaded","section":"Shading Mode"},"sceneLighting":false,"audioPlay":false,"sceneViewState":{"showFog":true,"showMaterialUpdate":false,"showSkybox":false,"showFlares":true,"showImageEffects":true,"showParticleSystems":true,"showVisualEffectGraphs":true,"m_FxEnabled":true},"in2DMode":false,"pivot":{"x":0.0061927735805511478,"y":0.3298473358154297,"z":0.2372242510318756},"rotation":{"x":-0.14693306386470796,"y":0.7471614480018616,"z":-0.17597559094429017,"w":-0.6238523721694946},"size":0.2828438878059387,"orthographic":false}