{"cameraMode":{"drawMode":0,"name":"Shaded","section":"Shading Mode"},"sceneLighting":false,"audioPlay":false,"sceneViewState":{"showFog":true,"showMaterialUpdate":false,"showSkybox":false,"showFlares":true,"showImageEffects":true,"showParticleSystems":true,"showVisualEffectGraphs":true,"m_FxEnabled":true},"in2DMode":false,"pivot":{"x":186.99363708496095,"y":-24.536874771118165,"z":-6.1024956703186039},"rotation":{"x":0.04609796032309532,"y":0.7167160511016846,"z":-0.047600772231817248,"w":0.6942607164382935},"size":95.30804443359375,"orthographic":false}