{"cameraMode":{"drawMode":0,"name":"Shaded","section":"Shading Mode"},"sceneLighting":false,"audioPlay":false,"sceneViewState":{"showFog":true,"showMaterialUpdate":false,"showSkybox":false,"showFlares":true,"showImageEffects":true,"showParticleSystems":true,"showVisualEffectGraphs":true,"m_FxEnabled":true},"in2DMode":false,"pivot":{"x":17.12759780883789,"y":2.7729036808013918,"z":7.102077960968018},"rotation":{"x":0.0114450016990304,"y":0.41367965936660769,"z":0.005194200202822685,"w":-0.9103628993034363},"size":0.38589268922805788,"orthographic":false}