{"cameraMode":{"drawMode":0,"name":"Shaded","section":"Shading Mode"},"sceneLighting":false,"audioPlay":false,"sceneViewState":{"showFog":true,"showMaterialUpdate":false,"showSkybox":false,"showFlares":true,"showImageEffects":true,"showParticleSystems":true,"showVisualEffectGraphs":true,"m_FxEnabled":true},"in2DMode":false,"pivot":{"x":0.00002830103039741516,"y":-0.02234809659421444,"z":0.016558736562728883},"rotation":{"x":0.07958785444498062,"y":-0.27128320932388308,"z":0.022538376972079278,"w":0.958968997001648},"size":0.13458096981048585,"orthographic":false}