{"cameraMode":{"drawMode":0,"name":"Shaded","section":"Shading Mode"},"sceneLighting":false,"audioPlay":false,"sceneViewState":{"showFog":true,"showMaterialUpdate":false,"showSkybox":false,"showFlares":true,"showImageEffects":true,"showParticleSystems":true,"showVisualEffectGraphs":true,"m_FxEnabled":true},"in2DMode":false,"pivot":{"x":14.610946655273438,"y":1.8199290037155152,"z":3.7917423248291017},"rotation":{"x":-0.10646262019872666,"y":0.6809697151184082,"z":-0.10104969888925553,"w":-0.7175055146217346},"size":1.7660253047943116,"orthographic":false}