{"cameraMode":{"drawMode":0,"name":"Shaded","section":"Shading Mode"},"sceneLighting":false,"audioPlay":false,"sceneViewState":{"showFog":true,"showMaterialUpdate":false,"showSkybox":false,"showFlares":true,"showImageEffects":true,"showParticleSystems":true,"showVisualEffectGraphs":true,"m_FxEnabled":true},"in2DMode":false,"pivot":{"x":1.4567147493362427,"y":0.1899598091840744,"z":-0.6189337372779846},"rotation":{"x":-0.09740923345088959,"y":-0.49005043506622317,"z":-0.05519147589802742,"w":0.8645076751708984},"size":0.7254500985145569,"orthographic":false}