{"cameraMode":{"drawMode":0,"name":"Shaded","section":"Shading Mode"},"sceneLighting":false,"audioPlay":false,"sceneViewState":{"showFog":true,"showMaterialUpdate":false,"showSkybox":false,"showFlares":true,"showImageEffects":true,"showParticleSystems":true,"showVisualEffectGraphs":true,"m_FxEnabled":true},"in2DMode":false,"pivot":{"x":0.24425560235977174,"y":0.6120273470878601,"z":-0.3300040066242218},"rotation":{"x":-0.1430816948413849,"y":0.7421095371246338,"z":-0.16775093972682954,"w":-0.6329760551452637},"size":0.15316233038902284,"orthographic":false}