{"cameraMode":{"drawMode":0,"name":"Shaded","section":"Shading Mode"},"sceneLighting":false,"audioPlay":false,"sceneViewState":{"showFog":true,"showMaterialUpdate":false,"showSkybox":false,"showFlares":true,"showImageEffects":true,"showParticleSystems":true,"showVisualEffectGraphs":true,"m_FxEnabled":true},"in2DMode":false,"pivot":{"x":-0.16529469192028047,"y":-0.01186901144683361,"z":0.31285956501960757},"rotation":{"x":0.07958785444498062,"y":-0.27128320932388308,"z":0.022538376972079278,"w":0.958968997001648},"size":0.4829244613647461,"orthographic":false}